params,mean_test_score,std_test_score
{'ridge__alpha': 0.1},0.18281427814911372,0.04116576968101306
{'ridge__alpha': 1},0.18265899036821548,0.041064772074235735
{'ridge__alpha': 10},0.18219059560685483,0.03956626267303226
{'ridge__alpha': 100},0.1852504680925485,0.04070929450268964
{'ridge__alpha': 1000},0.1382623845372703,0.028721759303023252
