params,mean_test_score,std_test_score
{'ridge__alpha': 0.1},0.11221494139070479,0.013032514062839
{'ridge__alpha': 1},0.11161630398676563,0.012971979298085634
{'ridge__alpha': 10},0.1096759447975136,0.01239872234297912
{'ridge__alpha': 100},0.09571815597819607,0.012954737314230021
{'ridge__alpha': 1000},0.0660890784095105,0.0032977332872750438
