params,mean_test_score,std_test_score
{'ridge__alpha': 0.1},0.3194351563635409,0.006300311185950846
{'ridge__alpha': 1},0.32235604362301334,0.00620977182945555
{'ridge__alpha': 10},0.342021160141859,0.0056595676642259805
{'ridge__alpha': 100},0.4001759131237656,0.004400904180137445
{'ridge__alpha': 1000},0.44841597282902634,0.004204064053273992
