params,mean_test_score,std_test_score
{'ridge__alpha': 0.1},0.11803017138957708,0.0069745350776871315
{'ridge__alpha': 1},0.11776325284871972,0.006941421640684497
{'ridge__alpha': 10},0.11515220652771789,0.006347225130411618
{'ridge__alpha': 100},0.10366971602862236,0.00854307927002305
{'ridge__alpha': 1000},0.08426504828625767,0.005705584793973378
