params,mean_test_score,std_test_score
{'ridge__alpha': 0.1},0.12563247959524923,0.009722633613819446
{'ridge__alpha': 1},0.12470054638339552,0.010256078413971838
{'ridge__alpha': 10},0.11794882864389689,0.007744759710978947
{'ridge__alpha': 100},0.09777128533213188,0.003671352994043111
{'ridge__alpha': 1000},0.06828052289925615,0.0020401069007338884
