params,mean_test_score,std_test_score
{'ridge__alpha': 0.1},0.05761845764123481,0.0019170857509075065
{'ridge__alpha': 1},0.05760551650837766,0.0019181567815058551
{'ridge__alpha': 10},0.05742924149385046,0.0018556333893108036
{'ridge__alpha': 100},0.05637118306415969,0.002048291859873915
{'ridge__alpha': 1000},0.05176559222770407,0.0017912321278810432
