params,mean_test_score,std_test_score
{'ridge__alpha': 0.1},0.2969847721722098,0.016322821879718934
{'ridge__alpha': 1},0.2980143807335026,0.016315005464239193
{'ridge__alpha': 10},0.3057911070876698,0.01621909531114795
{'ridge__alpha': 100},0.33792495297781644,0.015532411491909832
{'ridge__alpha': 1000},0.37978060893936877,0.013599805524658948
