params,mean_test_score,std_test_score
{'ridge__alpha': 0.1},0.26523868396190686,0.012653604295674498
{'ridge__alpha': 1},0.26664406367134497,0.012605123007282724
{'ridge__alpha': 10},0.2775438683178664,0.012225213351747966
{'ridge__alpha': 100},0.32088343122978247,0.010730133084062796
{'ridge__alpha': 1000},0.37475415687595276,0.00845879156725365
