params,mean_test_score,std_test_score
{'ridge__alpha': 0.1},0.48303023491577424,0.020912443706448607
{'ridge__alpha': 1},0.48344179381744834,0.020909714961805555
{'ridge__alpha': 10},0.48737725125681275,0.020884438764842698
{'ridge__alpha': 100},0.514640862330111,0.020727939789661413
{'ridge__alpha': 1000},0.567320380009056,0.01994273103164712
